Produit,cat√©gorie
 CRISTALINE ,Boissons
 VITTEL ,Boissons
 VITTEL CITRON,Boissons
 VITTEL RONDE ,Boissons
 SAN PELLEGRINO ,Boissons
 EVIAN ,Boissons
 PURE LIFE ,Boissons
 SLIM PERRIER CITR ,Boissons
 EAU CRISTALINE 1,Boissons
 OASIS TROPICAL ,Boissons
 ICE TEA PECHE ,Boissons
 ICE TEA PECHE ZERO ,Boissons
 TROPICANA ORANGE ,Boissons
 LIPTON FRAMBOISE ,Boissons
 TREE TOP JUS ORANG ,Boissons
 PULCO CITRONNADE ,Boissons
 LIPTON GREEN MENTHE,Boissons
 OASIS POMME CASSIS ,Boissons
 OASIS THE PECHE ,Boissons
 MAYTEA MENTHE ,Boissons
 OASIS POMME CASSIS,Boissons
 OASIS TROPICAL ,Boissons
 LIPTON PECHE ZERO ,Boissons
 ORANGINA ,Boissons
 COCA COLA ,Boissons
  ZERO ,Boissons
 SLIM SCHW LEMON ,Boissons
 SCHWEPPE AGRUM ,Boissons
 PEPSI MAX ,Boissons
 COCA COLA ,Boissons
  ZERO ,Boissons
 PEPSI ,Boissons
 COCA COLA S\/SUCRE ,Boissons
 PEPSI COLA ,Boissons
 COCA COLA ZERO ,Boissons
 SCHWEPPES AGRUMES ,Boissons
 PEPSI MAX ,Boissons
 ROCKSTAR ORIGINAL ,Boissons
 RED BULL ,Boissons
 ROCKSTAR ORIGINAL ,Boissons
  BLONDE 0.0% ,Boissons
 FIT ENERGY DRINK ,Boissons
 PERRIER NRJ CITRON ,Boissons
 CACOLAC ,Boissons
GAUFRE LIEGEOISE ,Sucreries
MAD COQUILLE PEPITE - ,Sucreries
MAD COQUILLE NATURE ,Sucreries
MINI HIT CACAO - ,Sucreries
GALETTE AMANDE ,Sucreries
MILKA LU POCKET ,Sucreries
NAPOLITAIN CLASSIQUE ,Sucreries
PRINCE MAXI FORMAT ,Sucreries
NUTELLA BISCUITS ,Sucreries
GALETTE RIZ CHOC NOIR ,Sucreries
IT GUILLOU CACAO ,Sucreries
BROWNIES AU CHOCOLAT - ,Sucreries
SABLES PUR BEURRE 2,Sucreries
SACHET MINI'S PEPITES CHOC,Sucreries
GAUFRE LIEGEOISE CHOCO ,Sucreries
CAKE TRANCHE ERTE ,Sucreries
MILKA COOKIES ,Sucreries
GALETTE AU BON CHOCO .,Sucreries
GALETTE MOELLEUSE CHOCO ,Sucreries
OREO POCKET - ,Sucreries
KIT KAT - ,Sucreries
KINDER BUENO - ,Sucreries
TWIX - ,Sucreries
 M M S CACAHUETES - ,Sucreries
SNICKERS - ,Sucreries
MARS  - ,Sucreries
CRUNCH SNACK ,Sucreries
BOUNTY  - ,Sucreries
M M S CACAHUETES - ,Sucreries
LION PEANUT - ,Sucreries
KINDER BUENO WHITE ,Sucreries
COTE D'OR NOISETTES - ,Sucreries
M M S CRIPSY ,Sucreries
KITKAT POPS LAIT ,Sucreries
CRAQUISE CHOCO NOISETT ,Sucreries
TONY'S CHOCO LAIT ,Sucreries
SUNDY - ,Sucreries
KIT KAT CHUNKY -  ,Sucreries
MALTESERS - ,Sucreries
LINGOT CHOCOLAT PELICAN ,Sucreries
KINDER BUENO (LOT DE 2),Sucreries
MALTESERS - ,Sucreries
TONY'S CHOCO NOIR AMAND ,Sucreries
KIT KAT POPS PEANUTS ,Sucreries
RECETTE DE L'ATELIER ,Sucreries
BREAKIT CHOCO BISCUIT ,Sucreries
NATURE VALLEY PROTEIN ,Sucreries
SNICKERS  KING SIZE ,Sucreries
TWIXTRA - ,Sucreries
B-READY NUTELLA T2 ,Sucreries
KINDER COUNTRY T2  -,Sucreries
FREEDENT REFRESCHER MENTHE,Sucreries
HARIBO CROCO HARIBO ,Sucreries
HARIBO DRAGIBUS ,Sucreries
HARIBO HAPPY LIFE ,Sucreries
HARIBO DELIR'PIK ,Sucreries
ANDROS GOURDE POMME ,Sucreries
BISCUIT GINGEMBRE CITR ,Sucreries
BISCUIT SESAME POCKET -,Sucreries
BISCUIT CRANBERRY BIO ,Sucreries
GALETTE MAIS CHOCO LAIT ,Sucreries
GERBLE MIEL SESAME CROQU,Sucreries
FOURRES CHOC NR BJORG  ,Sucreries
GAUFRE MIEL BJORG ,Sucreries
